intercept,meta_knn,meta_rf,meta_xgb,meta_gbdt_linear_LR-L1,meta_gbdt_linear_LR-L2,meta_gbdt_linear_SVM-L1,meta_gbdt_linear_SVM-L2
-1.10719170205,0.00912243308781,0.115396174014,0.447040687379,0.412511013869,0.828135676159,0.110595761196,0.280053097773
